"Código produto";"Nome produto";"Código categoria";"Nome categoria";"CÓDIGO CATEGORIA ADICIONAL 1";"CÓDIGO CATEGORIA ADICIONAL 2";"CÓDIGO CATEGORIA ADICIONAL 3";"CÓDIGO CATEGORIA ADICIONAL 4";"CÓDIGO CATEGORIA ADICIONAL 5"
"13";"PRODUTO DE TESTE";"1";"Dispenser";"";"";"";"";""
"27";"Contentor Hospitalar 120 litros c/Pedal (coletor de resíduos) Branco - Contemar";"67";"Com Pedal";"";"";"";"";""
"29";"Contentor de Lixo Hostpitalar 660 litros c/Pedal - Contemar";"67";"Com Pedal";"";"";"";"";""
"31";"Contentor Hospitalar 240 litros c/Pedal (coletor de resíduos) Branco - Contemar";"67";"Com Pedal";"";"";"";"";""
"35";"Contentor Hospitalar 360 litros c/ c Pedal Branco - Contemar";"67";"Com Pedal";"";"";"";"";""
"51";"Dispenser para Papel Toalha Interfolhado ou Higienico Cai Cai - Urban Glass Verde - Premisse";"59";"Papel Toalha Interfolhado";"";"";"";"";""
"57";"Dispenser Múltiplo para Papel Toalha Interfolhado ou Higięnico Cai Cai - Urban Glass Azul - Premisse";"163";"Dispenser Plástico";"";"";"";"";""
"71";"Dispenser para Sabonete Líquido com Reservatório - Velox Dark Premisse";"163";"Dispenser Plástico";"51";"";"";"";""
"75";"Dispenser para Papel Higięnico Rolăo Velox Dark - Premisse";"163";"Dispenser Plástico";"57";"";"";"";""
"81";"Reservatório Dispenser de Sabonete Líquido - Premisse C19120";"1";"Dispenser";"51";"";"";"";""
"87";"Dispenser para Papel Toalha Interfolhado - Velox Dark - Premisse";"163";"Dispenser Plástico";"59";"";"";"";""
"95";"Dispenser p/ Papel Higięnico Rolăo Linha Clean Preto - 19634 - Premisse";"57";"Papel Higięnico Rolăo";"";"";"";"";""
"105";"Dispenser Papel Toalha Velox Premisse";"1";"Dispenser";"59";"163";"";"";""
"109";"Dispenser Sabonete Líquido ou Álcool Gel Velox - Premisse C19428";"1";"Dispenser";"51";"163";"167";"";""
"113";"Dispenser Múltiplo para Papel Toalha Interfolhado ou Higięnico Cai Cai Urban Premisse C19284";"1";"Dispenser";"55";"59";"163";"";""
"115";"Contentor de Lixo 1000 Litros COM PEDAL";"63";"Lixeiras e Contentores";"67";"169";"171";"";""
"119";"Contentor de lixo 700 litros SEM PEDAL";"63";"Lixeiras e Contentores";"69";"169";"171";"";""
"121";"Contentor de Lixo 120 Litros COM PEDAL";"63";"Lixeiras e Contentores";"67";"169";"171";"";""
"123";"Contentor de lixo 240 Litros COM PEDAL";"63";"Lixeiras e Contentores";"67";"169";"171";"";""
"125";"Contentor de Lixo 360 Litros COM PEDAL";"63";"Lixeiras e Contentores";"67";"169";"171";"";""
"127";"Contentor de lixo 240 litros SEM PEDAL";"63";"Lixeiras e Contentores";"65";"69";"169";"171";""
"129";"Conjunto Coleta Seletiva 4 Lixeiras 50 Lts e Base sem Rodas - Bralimpia";"69";"Sem Pedal";"";"";"";"";""
"131";"Lixeira 15 Litros com Pedal em plástico";"63";"Lixeiras e Contentores";"65";"67";"169";"";""
"139";"Tampa Simples p/ Lixeira Retangular de 50 Lts - Bralimpia";"155";"Tampas";"65";"";"";"";""
"141";"Contentor de lixo 120 Litros";"63";"Lixeiras e Contentores";"69";"169";"171";"";""
"143";"Bac Mop Profissional - Bralimpia";"175";"Linha Food Service - Restaurantes / Cozinhas";"";"";"";"";""
"145";"Espanador Eletrostático Cabo Simples - Bralimpia";"25";"Acessórios/ Diversos";"";"";"";"";""
"147";"Cesto de Lixo 14 litros sem tampa nas Cores da Coleta Seletiva - Bralimpia";"63";"Lixeiras e Contentores";"65";"69";"169";"";""
"149";"Lixeira Cesto Quadrado 60 Lts c/ Tampa Basculante - Bralimpia CV61";"63";"Lixeiras e Contentores";"65";"69";"169";"";""
"151";"Lixeira 30 Lts com Pedal - Bralimpia CP30";"63";"Lixeiras e Contentores";"65";"67";"169";"";""
"153";"indisponivel ls52";"65";"Coleta Seletiva";"";"";"";"";""
"155";"Contentor de Lixo 700 Litros COM PEDAL";"63";"Lixeiras e Contentores";"67";"169";"171";"";""
"157";"Tampa Basculante Transversal para Lixeira Retangular de 50 Lts - Bralimpia";"155";"Tampas";"65";"";"";"";""
"161";"Lixeira Cinzeiro com Aro de Alumínio Bralimpia CZ51";"63";"Lixeiras e Contentores";"71";"169";"";"";""
"165";"Cesto para Lixo 23 Litros sem Tampa Bralimpia CL51";"63";"Lixeiras e Contentores";"65";"69";"169";"";""
"171";"Carro Extra Triplex 3 prateleiras sem fechamento - Bralimpia CE3000";"17";"Equipamentos de Limpeza";"29";"31";"";"";""
"175";"Carro Arrumadeira Bolonha - Bralimpia";"17";"Equipamentos de Limpeza";"29";"";"";"";""
"177";"Carro Extra Triplex Com Fechamento Lateral e Portas - Bralimpia CA3000";"17";"Equipamentos de Limpeza";"29";"";"";"";""
"179";"Carro Extra I Aberto C/ 1 Bolsa - Amarela - Bralimpia CE01AM";"17";"Equipamentos de Limpeza";"29";"";"";"";""
"183";"Carro Extra I C/ Fechamento Lateral C/ 1 Bolsa Amarela - Bralimpia CH01AM";"17";"Equipamentos de Limpeza";"29";"";"";"";""
"185";"Carro Extra I C/ Fechamento Lateral C/ 1 Bolsa e Portas - Amarela - Bralimpia CA01AM";"17";"Equipamentos de Limpeza";"29";"31";"";"";""
"187";"Carro Extra II Aberto C/ 2 Bolsas - Amarela  - Bralimpia CEAMAM";"17";"Equipamentos de Limpeza";"29";"31";"";"";""
"189";"Carro Extra II C/ Fechamento Lateral C/ 2 Bolsas - Amarela - Bralimpia CHAMAM";"17";"Equipamentos de Limpeza";"29";"31";"";"";""
"191";"Carro Extra II C/ Fechamento Lateral C/ 2 Bolsas e Portas - Amarela - Bralimpia CAAMAM";"17";"Equipamentos de Limpeza";"29";"31";"";"";""
"193";"Carro Cuba 400L - Bralimpia C400";"17";"Equipamentos de Limpeza";"27";"29";"31";"";""
"195";"Container de Lixo Hostpitalar 1000 Litros C/Pedal Branco - Contemar";"67";"Com Pedal";"";"";"";"";""
"197";"Tampa para Carro Cuba de 400L - Bralimpia";"17";"Equipamentos de Limpeza";"27";"155";"";"";""
"199";"Carro Cuba 400L + Tampa - Bralimpia";"27";"Carro Cuba";"";"";"";"";""
"201";"Plataforma de Elevaçăo para Carro Cuba 400L - Bralimpia";"27";"Carro Cuba";"";"";"";"";""
"203";"Carro Cuba com Estrutura Metálica + Tampa Bi Partida - Bralimpia";"27";"Carro Cuba";"";"";"";"";""
"207";"Carro Funcional NY Master/Compaq - Bralimpia NY100";"17";"Equipamentos de Limpeza";"31";"";"";"";""
"209";"Carro Strong Com Fechamento Lateral 4 Bandejas - Bralimpia CH4000";"17";"Equipamentos de Limpeza";"29";"31";"";"";""
"211";"Carro Strong sem Fechamento 4 Bandejas - Bralimpia  CE4000";"17";"Equipamentos de Limpeza";"29";"31";"";"";""
"213";"Carro Strong Fechamento Lateral e Porta Com chave 4 Bandejas - Bralimpia CA4000";"17";"Equipamentos de Limpeza";"29";"31";"";"";""
"215";"Carro Strong Com Fechamento Lateral 5 Bandejas - Bralimpia CH5000";"17";"Equipamentos de Limpeza";"29";"31";"";"";""
"217";"Carro Strong Fechamento Lateral e Porta com chave - 5 Bandejas - Bralimpia CA5000";"17";"Equipamentos de Limpeza";"29";"31";"";"";""
"219";"Carro Bancada Bralimpia NY102";"17";"Equipamentos de Limpeza";"29";"";"";"";""
"221";"Balde Espremedor Doblô 30 Litros Bralimpia NY108";"17";"Equipamentos de Limpeza";"19";"";"";"";""
"231";"Conjunto Balde Espremedor Doblô 50 litros Bralimpia NY104";"17";"Equipamentos de Limpeza";"19";"25";"";"";""
"239";"Balde 4 Litros - BA04xx - Bralimpia";"19";"Baldes";"";"";"";"";""
"241";"Balde 15 Litros - BA15xx - Bralimpia";"175";"Linha Food Service - Restaurantes / Cozinhas";"";"";"";"";""
"243";"Balde 25 Litros - BA25xx - Bralimpia";"175";"Linha Food Service - Restaurantes / Cozinhas";"";"";"";"";""
"245";"Super Mop Doméstico - Bralimpia";"23";"MOP";"";"";"";"";""
"247";"Super Mop Profissional - Bralimpia";"23";"MOP";"";"";"";"";""
"249";"Balde Mopinho 12 Litros - Azul - BE50AZ - Bralimpia";"19";"Baldes";"";"";"";"";""
"255";"Refil Mop Líquido Ponta c/ Loop 320g - RL32xx - Bralimpia";"35";"Mop Pó - Limpeza Seca";"";"";"";"";""
"257";"Carro Cuba com Estrutura Metálica - Bralimpia";"17";"Equipamentos de Limpeza";"27";"27";"";"";""
"259";"Refil Mop Líquido Ponta c/ Loop s/ cinta 350g - RL35xx - Bralimpia";"35";"Mop Pó - Limpeza Seca";"";"";"";"";""
"267";"Reservatório p/ Saboneteira Espuma - Premisse";"1";"Dispenser";"51";"53";"163";"167";""
"273";"Placa Sinalizadora ""Piso Molhado"" Compacta - Bralimpia";"17";"Equipamentos de Limpeza";"43";"";"";"";""
"275";"Placa Sinalizadora ""Banheiro Fora de Uso"" - Bralimpia";"43";"Placas de Sinalizaçăo";"";"";"";"";""
"277";"Escova Suporte LT Limpeza Pesada - Bralimpia";"25";"Acessórios/ Diversos";"";"";"";"";""
"279";"Escova Suporte LT Macia - Bralimpia";"25";"Acessórios/ Diversos";"";"";"";"";""
"285";"Carro Bandeja Bralimpia NY103";"17";"Equipamentos de Limpeza";"29";"";"";"";""
"289";"Rodo Propulsor 1,3 m - RL130 - Bralimpia";"175";"Linha Food Service - Restaurantes / Cozinhas";"";"";"";"";""
"291";"Balde com Tela Plástica e Tampa para Fechamento - Bralimpia";"17";"Equipamentos de Limpeza";"19";"37";"";"";""
"293";"Contentor de Lixo 240 litros";"63";"Lixeiras e Contentores";"65";"69";"169";"171";""
"295";"Pá Coletora POP plástica com cabo de alumínio - Azul - Bralimpia";"25";"Acessórios/ Diversos";"";"";"";"";""
"297";"Kit Master p/ Limpeza de Vidros - Bralimpia";"41";"Limpa Vidros";"";"";"";"";""
"299";"Kit Plus p/ Limpeza de Vidros - Bralimpia";"17";"Equipamentos de Limpeza";"41";"";"";"";""
"301";"Lixeira Cesto Quadrado 100 Lts com Tampa Basculante - Bralimpia CD11";"63";"Lixeiras e Contentores";"65";"69";"169";"";""
"303";"Lixeira 60 Litros com Pedal - Bralimpia CP60";"63";"Lixeiras e Contentores";"65";"67";"169";"";""
"307";"Kit Profissional Balde Espremedor 50L Completo para Limpeza - Bralimpia NYKT02 - KIT 2";"17";"Equipamentos de Limpeza";"19";"";"";"";""
"309";"Kit Profissional - Balde Espremedor Completo para Limpeza - Bralimpia NYKT01 - KIT 1";"17";"Equipamentos de Limpeza";"19";"";"";"";""
"311";"Conjunto de Limpeza Mopinho - Balde, Mop (bruxa) e Cabo - Bralimpia";"19";"Baldes";"";"";"";"";""
"313";"Carro Funcional Guard - Carrinho de Limpeza com fechamento - Amarela - Bralimpia - CÓD GUARDAM";"17";"Equipamentos de Limpeza";"29";"31";"";"";""
"315";"Balde Espremedor Doblô Flex 20 Litros - Bralimpia B20F";"17";"Equipamentos de Limpeza";"19";"";"";"";""
"319";"Lixeira 100 Litros com Pedal sem rodas";"63";"Lixeiras e Contentores";"65";"67";"169";"";""
"321";"Balde Espremedor Doblô 20L Standard - Bralimpia B20S";"17";"Equipamentos de Limpeza";"19";"";"";"";""
"327";"Conjunto 2 Lixeiras Coleta Seletiva + Base + Tampa - Bralimpia";"63";"Lixeiras e Contentores";"65";"69";"169";"";""
"331";"Extensăo Telescópica - Bralimpia";"39";"Cabos";"";"";"";"";""
"333";"Dispenser para Papel Higięnico Rolăo 400m em Aço com Pintura Epoxi Branco - Aurimar";"57";"Papel Higięnico Rolăo";"1";"";"";"";""
"335";"Dispenser p/ Papel Toalha Interfolhado 2 ou 3 Dobras em Epoxi Branco - Aurimar";"59";"Papel Toalha Interfolhado";"157";"";"";"";""
"337";"Dispenser Copo Café 50ml em Aço c/ Pintura em Epoxi Branco - AUR50";"1";"Dispenser";"11";"157";"";"";""
"339";"Dispenser Copo Água 180/200ml em Aço com Pintura Epoxi Branco - Aurimar";"11";"Dispenser Copos";"";"";"";"";""
"343";"Dispenser Papel Higięnico Rolăo 800 mts Aço Inox C/ Suporte p/ Cadeado - Aurimar 598C";"1";"Dispenser";"57";"157";"";"";""
"345";"Dispenser p/ Papel Toalha Interfolhado 2 ou 3 Dobras em Aço Inox - TI2825I - Aurimar";"59";"Papel Toalha Interfolhado";"157";"";"";"";""
"347";"Toalheiro Americano p/ Papel 3 Dobras em Aço Inox - TAG2327I - Aurimar";"59";"Papel Toalha Interfolhado";"157";"";"";"";""
"349";"Toalheiro Americano p/ Papel 3 Dobras em Aço c/ Pintura Epoxi - TAG2327E - Aurimar";"59";"Papel Toalha Interfolhado";"";"";"";"";""
"355";"Dispenser Duo Biovis - Dispenser de Papel Toalha, Saboneteira e Espelho";"1";"Dispenser";"51";"59";"163";"167";""
"357";"Toalheiro Papel Toalha Interfolhado Aço Inox ESCOVADO - Linha Noble";"1";"Dispenser";"59";"157";"179";"";""
"361";"Saboneteira 800ml SLIM Inox ESCOVADO - Linha Noble";"1";"Dispenser";"51";"157";"167";"179";""
"363";"Porta Papel Higięnico Cai Cai Aço Inox ESCOVADO - Linha Noble";"1";"Dispenser";"55";"157";"179";"";""
"365";"Secador de Măos Speedy Plástico 110v ou 220v - Biovis";"9";"Secador de Măos";"163";"";"";"";""
"367";"Secador de Măos Automático CEO 220v - Biovis";"9";"Secador de Măos";"";"";"";"";""
"369";"Porta Papel Higięnico Rolăo aço inox ESCOVADO - Linha Noble";"1";"Dispenser";"57";"157";"179";"";""
"371";"Secador de Măos Aço Inox Speedy Plus";"1";"Dispenser";"9";"157";"179";"";""
"373";"Saboneteira Espuma 900ml com sensor Inox ESCOVADO BIOVIS - Linha Noble";"1";"Dispenser";"53";"157";"179";"";""
"383";"Saboneteira 1000ml Inox POLIDO Biovis - Linha Visium";"1";"Dispenser";"51";"157";"167";"179";""
"387";"Lixeira 15 litros com pedal em inox ESCOVADO - Marca BIOVIS";"63";"Lixeiras e Contentores";"67";"159";"179";"";""
"389";"Lixeira 30 litros com Pedal em inox ESCOVADO";"63";"Lixeiras e Contentores";"67";"159";"179";"";""
"399";"Porta Papel Higięnico Rolăo Aço Inox POLIDO - Linha Visium";"1";"Dispenser";"57";"157";"179";"";""
"403";"Toalheiro Papel Toalha Interfolhado em Aço Inox POLIDO - Linha Visium";"1";"Dispenser";"59";"157";"179";"";""
"405";"Porta Papel Higięnico Cai Cai Aço Inox POLIDO - Linha Ideal";"1";"Dispenser";"55";"157";"";"";""
"407";"Porta Papel Higięnico Cai Cai -Linha AG+";"1";"Dispenser";"55";"163";"";"";""
"409";"Porta Papel Higięnico Rolăo - Linha AG+";"1";"Dispenser";"57";"163";"";"";""
"411";"Toalheiro Papel Toalha Interfolhado - Linha AG+";"1";"Dispenser";"59";"163";"";"";""
"413";"Saboneteira 800ml para sabonete líquido - Linha AG+";"1";"Dispenser";"51";"163";"167";"";""
"415";"Dispenser de Fio de Dental Biofio - Biovis";"1";"Dispenser";"15";"163";"";"";""
"417";"Toalheiro para Papel Toalha Interfolhado em Aço Inox LINHA IDEAL";"1";"Dispenser";"59";"157";"";"";""
"421";"Toalheiro  Papel Toalha Interfolhado Paper Pop - Linha POP";"1";"Dispenser";"59";"163";"";"";""
"425";"Refil Plástico para Embalador de Guarda-Chuva - 2253";"1";"Dispenser";"47";"163";"";"";""
"429";"Dispenser p/ Papel Toalha Bobina Autocorte - Fortcom";"61";"Papel Toalha Bobina";"";"";"";"";""
"445";"Dispenser Papel Higięnico Rolăo Velox Premisse";"1";"Dispenser";"57";"163";"";"";""
"451";"Cinzeiro Infinity Alta Capacidade Preto - FG9W3400BLA - Rubbermaid";"71";"Cinzeiros e Bituqueiras";"";"";"";"";""
"453";"Tampa Vedaçăo Flexível GN 1/1 Branco - FG147P00WHT - Rubbermaid";"175";"Linha Food Service - Restaurantes / Cozinhas";"";"";"";"";""
"485";"Recipiente Brute com Canais de Ventilaçăo 75L Branco - Rubbermaid";"19";"Baldes";"";"";"";"";""
"495";"Suporte Mop Engate Rápido HYGEN® 61cm - Rubbermaid";"17";"Equipamentos de Limpeza";"23";"25";"";"";""
"507";"Balde Espremedor WaveBrake® 33L Amarelo - Rubbermaid";"19";"Baldes";"";"";"";"";""
"517";"Carro Utilitário com 3 prateleiras Xtra® - Preto - 112649 - Rubbermaid";"31";"Carro Funcional";"";"";"";"";""
"573";"Carro Dobrável X-Cart 150L - 1881749 - Rubbermaid";"29";"Carro Prateleira";"";"";"";"";""
"577";"Carro Dobrável X-Cart 300L ( 2x 150L ) - 1881781 - Rubbermaid";"29";"Carro Prateleira";"";"";"";"";""
"587";"Balde Aplicador Amarelo - Rubbermaid";"17";"Equipamentos de Limpeza";"19";"37";"";"";""
"601";"Recipiente Brute com Canais de Ventilaçăo Cinza 75L - ref. FG2620GRAY - Rubbermaid";"19";"Baldes";"";"";"";"";""
"619";"Tampa plana para Recipiente Brute 121 Litros - Rubbermaid";"155";"Tampas";"";"";"";"";""
"669";"Assento Infantil Sturdy Chair® Cadeirăo Alimentaçăo Cinza - Rubbermaid";"175";"Linha Food Service - Restaurantes / Cozinhas";"";"";"";"";""
"671";"Bandeja para Assento Infantil Sturdy Chair® - FG781588PLAT - Rubbermaid";"175";"Linha Food Service - Restaurantes / Cozinhas";"";"";"";"";""
"675";"Lixeira 100 Litros com Pedal e Rodas";"63";"Lixeiras e Contentores";"65";"67";"169";"";""
"685";"Balde 2 águas para WaveBrake® - FG9C7400RED - Rubbermaid";"117";"Acessórios para Reposiçăo";"";"";"";"";""
"687";"Bandeja Organizadora Deluxe - FG315488BLA - Rubbermaid";"25";"Acessórios/ Diversos";"";"";"";"";""
"689";"Barreira Móvel - FG9S1100YEL - Rubbermaid";"43";"Placas de Sinalizaçăo";"";"";"";"";""
"701";"Lixeira Perfect 100 Lts com Pedal";"67";"Com Pedal";"";"";"";"";""
"703";"Lixeira Plástico 17 Litros com Pedal Branca - Perfect LPF17";"63";"Lixeiras e Contentores";"67";"169";"";"";""
"713";"Lixeira Perfect 50 Lts com Pedal - LPF50";"63";"Lixeiras e Contentores";"65";"67";"169";"";""
"717";"Lixeira Perfect 35 Lts com Pedal - Perfect LPF35";"63";"Lixeiras e Contentores";"65";"67";"169";"";""
"719";"Placa sinalizadora Cuidado piso molhado - 380056 - Perfect";"43";"Placas de Sinalizaçăo";"";"";"";"";""
"723";"Carro Funcional / Carrinho de Limpeza c/ Bolsa - Perfect";"31";"Carro Funcional";"";"";"";"";""
"727";"Balde Plástico com Centrífuga em Inox, Mop e Cabo 360ş - Perfect Mop Pro 380898";"17";"Equipamentos de Limpeza";"19";"";"";"";""
"731";"Mop Profissional Spray Pro Perfect";"17";"Equipamentos de Limpeza";"49";"173";"";"";""
"735";"Kit Machfloss EVOLUTION 3X1 - Dispenser de fio dental + Enxaguante bucal + Porta Copos";"1";"Dispenser";"15";"163";"";"";""
"737";"Dispenser para Fio Dental + Refil - Machfloss";"163";"Dispenser Plástico";"15";"163";"";"";""
"739";"Lixeira Cinzeiro Inox Aro esmaltado preto 25 Litros MSP570";"63";"Lixeiras e Contentores";"69";"71";"159";"";""
"741";"Lixeira Redonda c/ Tampa p/ Copos Descartáveis Água e Café Preta - MetalSuga";"73";"Lixeira para Copos";"";"";"";"";""
"743";"Lixeira Redonda c/ Tampa para Copos de Água Descartáveis Branca - Metalsuga";"73";"Lixeira para Copos";"";"";"";"";""
"797";"Dispenser Papel Higięnico Rolăo aço inox 400m - Aurimar 596";"1";"Dispenser";"57";"157";"";"";""
"805";"Contentor de Lixo 360 Litros SEM PEDAL";"63";"Lixeiras e Contentores";"69";"169";"171";"";""
"809";"Carro de Limpeza de Alta Capacidade - Rubbermaid";"29";"Carro Prateleira";"";"";"";"";""
"811";"Placa Sinalizadora: Banheiro Fechado ref. 1703  - Rubbermaid";"17";"Equipamentos de Limpeza";"43";"";"";"";""
"813";"Plataforma de transporte Standard ® - FG440600BLA - Rubbermaid";"21";"Carros";"";"";"";"";""
"817";"Carro Funcional Preto - 1805985 - Rubbermaid";"31";"Carro Funcional";"";"";"";"";""
"821";"Carro Utilitário com 3 prateleiras Xtra® - Branco - Rubbermaid";"29";"Carro Prateleira";"";"";"";"";""
"823";"Balde Espremedor WaveBrake®  24 L -  Rubbermaid";"19";"Baldes";"";"";"";"";""
"835";"Mop pó algodăo ponta dobrada 120cm";"17";"Equipamentos de Limpeza";"35";"";"";"";""
"837";"Mop pó algodăo ponta cortada 120cm";"17";"Equipamentos de Limpeza";"35";"";"";"";""
"839";"Mop pó algodăo ponta cortada 100cm";"17";"Equipamentos de Limpeza";"35";"";"";"";""
"845";"Mop pó acrílico ponta dobrada 120cm";"17";"Equipamentos de Limpeza";"35";"";"";"";""
"867";"Lixeira Recipiente Slim Jim 60L - Azul - FG354100DBLUE - Rubbermaid";"69";"Sem Pedal";"";"";"";"";""
"871";"Lixeira Recipiente Slim Jim 60L - Cinza - FG354100LGRAY - Rubbermaid";"69";"Sem Pedal";"";"";"";"";""
"875";"Carro de Serviço Executivo - Preto - FG9T6800BLA - Rubbermaid";"29";"Carro Prateleira";"";"";"";"";""
"881";"Plataforma Triple® - FG440100BLA - Rubbermaid";"21";"Carros";"";"";"";"";""
"887";"Placa sinalizadora: Cuidado Área de Trabalho  - ref.1704  - Rubbermaid";"17";"Equipamentos de Limpeza";"43";"";"";"";""
"899";"Mop pó acrílico ponta cortada 120 cm";"17";"Equipamentos de Limpeza";"35";"";"";"";""
"901";"Placa sinalizadora: Cuidado piso irregular - ref. 1706- Rubbermaid";"17";"Equipamentos de Limpeza";"43";"";"";"";""
"903";"Placa sinalizadora Atençăo Trafego de Pedestre ref.1709 - Rubbermaid";"17";"Equipamentos de Limpeza";"43";"";"";"";""
"909";"Suporte metálico para mop pó - 80cm - 111842 - ref. 1243 - Rubbermaid";"25";"Acessórios/ Diversos";"";"";"";"";""
"913";"Suporte Plástico para Mop Pó - 60cm - 111845 - ref. 1222 - Rubbermaid";"25";"Acessórios/ Diversos";"";"";"";"";""
"915";"Suporte Plástico para Mop Pó - 80cm - 111846 - ref. 1223 - Rubbermaid";"25";"Acessórios/ Diversos";"";"";"";"";""
"935";"Cuba convencional GN 1/2 - 100mm - Rubbermaid";"175";"Linha Food Service - Restaurantes / Cozinhas";"";"";"";"";""
"937";"Carro Extra Triplex Com Fechamento - Bralimpia CH3000";"17";"Equipamentos de Limpeza";"29";"";"";"";""
"943";"Cuba convencional GN 1/3 - 200mm - Rubbermaid";"175";"Linha Food Service - Restaurantes / Cozinhas";"";"";"";"";""
"1041";"Mop Úmido Microfibra 62,2cm FGQ41100BL00 AZ Rubbermaid";"17";"Equipamentos de Limpeza";"173";"";"";"";""
"1043";"Mop Úmido Superabsorvente Microfibra - FGQ41600BL00 AZ Rubbermaid";"17";"Equipamentos de Limpeza";"173";"";"";"";""
"1047";"Recipiente Brute com Rodas 360L Azul FG9W2273BLUE - Rubbermaid";"69";"Sem Pedal";"";"";"";"";""
"1053";"Lixeira Recipiente Slim Jim Paredes  57L- Amarelo  - 1829404 - Rubbermaid";"65";"Coleta Seletiva";"";"";"";"";""
"1055";"Lixeira Recipiente Slim Jim Paredes  57L - Azul - 1829401 - Rubbermaid";"65";"Coleta Seletiva";"";"";"";"";""
"1057";"Lixeira Recipiente Slim Jim Paredes  57L- Verde - 1829403- Rubbermaid";"65";"Coleta Seletiva";"";"";"";"";""
"1059";"Lixeira Recipiente Slim Jim Paredes  57L - Vermelho - 1829402 - Rubbermaid";"65";"Coleta Seletiva";"";"";"";"";""
"1141";"Tampa Brute 166 Lts Plana Branco - FG264560WHT  - Rubbermaid";"155";"Tampas";"";"";"";"";""
"1143";"Tampa Brute 166 Lts Plana Cinza - FG264560GRAY - Rubbermaid";"155";"Tampas";"";"";"";"";""
"1149";"Tampa Brute 75 Lts Plana Branco - FG261960WHT - Rubbermaid";"155";"Tampas";"";"";"";"";""
"1151";"Tampa Brute 75 Lts Plana Preto - FG261960BLA - Rubbermaid";"155";"Tampas";"";"";"";"";""
"1157";"Tampa para Carro Basculante 453kg / 600Lts - FG102800BLA - Rubbermaid";"155";"Tampas";"";"";"";"";""
"1161";"Tampa para Carro Basculante 567kg / 800Lts - FG9T2300BLA - Rubbermaid";"155";"Tampas";"";"";"";"";""
"1167";"Refil Mop Líquido Ponta c/ Loop 400g - Bralimpia";"35";"Mop Pó - Limpeza Seca";"";"";"";"";""
"1175";"Tampa Carro Cuba 272kg / 600 Lts Preto - FG461700BLA - Rubbermaid";"155";"Tampas";"";"";"";"";""
"1185";"Mop Úmido Microfibra Econômico 45cm - ref. Q409 - FGQ40900BL00 - Rubbermaid";"17";"Equipamentos de Limpeza";"173";"";"";"";""
"1187";"Refil Mop Líquido Ponta c/ Loop s/ cinta 300g - Bralimpia";"35";"Mop Pó - Limpeza Seca";"";"";"";"";""
"1191";"Tampa Convencional GN 1/4 Transparente - Rubbermaid";"175";"Linha Food Service - Restaurantes / Cozinhas";"";"";"";"";""
"1195";"Balde para Desinfecçăo Lock &amp; Go 9L (Amarelo) - Rubbermaid";"17";"Equipamentos de Limpeza";"19";"";"";"";""
"1221";"Tampa Plana para Lixeira Slim Jim  60L Cinza - FG268888LGRAY - Rubbermaid";"155";"Tampas";"";"";"";"";""
"1223";"Tampa Untouchable para Lixeira Slim Jim 60L - Azul - FG267360BLUE - Rubbermaid";"155";"Tampas";"";"";"";"";""
"1237";"Bonnet Fibra Curta com Esfregőes - FGP26700WH00 - Rubbermaid";"17";"Equipamentos de Limpeza";"35";"";"";"";""
"1243";"Cabo de Alumínio de Engate Rápido - FGQ75000YL00 - Rubbermaid";"17";"Equipamentos de Limpeza";"39";"";"";"";""
"1247";"Recipiente Brute com Rodas e Tampa 190L - Rubbermaid";"69";"Sem Pedal";"";"";"";"";""
"1259";"Dispenser para Copos de ÁGUA Poupa Copos (150/180/200ml) - Multicopo - 28988";"1";"Dispenser";"11";"163";"";"";""
"1263";"Dispenser Poupa Copos p/ Copos de Café Descartáveis 50 ml Multicopo - 32324";"11";"Dispenser Copos";"163";"";"";"";""
"1265";"Dispenser p/ Guardanapo Interfolhado em plastico ABS - 28522";"1";"Dispenser";"";"";"";"";""
"1273";"Lixeira Papacopo Nobre Água Água PP22 - Nobre";"63";"Lixeiras e Contentores";"73";"169";"";"";""
"1275";"Lixeira Papacopo Nobre Água Café PP21 - Nobre";"63";"Lixeiras e Contentores";"73";"169";"";"";""
"1277";"Lixeira Papacopo Nobre Água PP2 - Nobre";"63";"Lixeiras e Contentores";"73";"169";"";"";""
"1279";"Lixeira Papacopo Nobre Café PP1 - Nobre";"63";"Lixeiras e Contentores";"17";"73";"";"";""
"1281";"Lixeira Papacopo Nobre Café Café PP11 - Nobre";"63";"Lixeiras e Contentores";"73";"169";"";"";""
"1293";"Lixeira em Aço Inox com Pedal e Recipiente Plástico - 4,5L Viel";"67";"Com Pedal";"";"";"";"";""
"1295";"Lixeira 15 Litros em Aço Inox com Pedal e Recipiente Plástico - Viel";"67";"Com Pedal";"";"";"";"";""
"1299";"Cesto Porta Guarda-chuva Inox Perfurado - Viel";"63";"Lixeiras e Contentores";"69";"";"";"";""
"1301";"Cesto para Lixo em Aço Inox com Aro Plástico 7L - Viel";"63";"Lixeiras e Contentores";"69";"159";"";"";""
"1309";"Cesto para Lixo 14 Litros sem Tampa  - Bralimpia";"63";"Lixeiras e Contentores";"65";"69";"169";"";""
"1311";"Lixeira 23 Litros em plástico redonda sem tampa";"63";"Lixeiras e Contentores";"65";"69";"169";"";""
"1327";"Estrutura Metálica para Fixaçăo de Coletores 50L";"65";"Coleta Seletiva";"";"";"";"";""
"1329";"Dispenser para Fio Dental - Machfloss Personal";"1";"Dispenser";"15";"141";"";"";""
"1333";"Carro Funcional América PAN - Bralimpia CF200P";"17";"Equipamentos de Limpeza";"31";"";"";"";""
"1337";"Lixeira 50 Litros com Suporte para Coleta Seletiva - Bralimpia LS5P";"63";"Lixeiras e Contentores";"65";"69";"169";"";""
"1345";"Lixeira Cesto Porta Guarda Chuva 23 Litros COM ADESIVO GUARDA CHUVA";"63";"Lixeiras e Contentores";"69";"169";"";"";""
"1355";"Rodo Combinado Limpa Vidros sem Cabo - Bralimpia";"17";"Equipamentos de Limpeza";"41";"";"";"";""
"1363";"Lixeira plástico para coleta seletiva DINA 50 Litros";"63";"Lixeiras e Contentores";"65";"69";"169";"";""
"1369";"Lixeira em plástico 23 Lts c/Tampa Aro Inox";"63";"Lixeiras e Contentores";"69";"159";"179";"";""
"1373";"Dispenser Papel Higięnico Rolăo aço inox 400m com suporte p/ Cadeado - Aurimar 596C";"1";"Dispenser";"57";"157";"";"";""
"1375";"Saboneteira Clear Reservatório Próprio 1000ml - Fortcom";"51";"Sabonete Líquido";"";"";"";"";""
"1377";"Dispenser sabonete líquido ou álcool gel Alta Performance 1000ml - Bralimpia SB2014";"1";"Dispenser";"51";"163";"167";"";""
"1379";"Carro de Limpeza Guard Hospitalar Hosp 100 - Comali";"29";"Carro Prateleira";"";"";"";"";""
"1381";"Carro de Limpeza Guard Hospitalar Hosp 101 - Comali";"29";"Carro Prateleira";"";"";"";"";""
"1383";"Carro de Limpeza Guard Hospitalar Hosp 102 - Comali";"29";"Carro Prateleira";"";"";"";"";""
"1385";"Assento Infantil Sturdy Chair® Cadeirăo Alimentaçăo Preto - Rubbermaid";"175";"Linha Food Service - Restaurantes / Cozinhas";"";"";"";"";""
"1389";"Dispenser 3x1 - Higięnico Rolinho - Cai Cai - Toalha Interfolhas - Fortcom";"1";"Dispenser";"";"";"";"";""
"1399";"Kit de Dispenser em Aço Inox LINHA VISIUM - Biovis";"1";"Dispenser";"157";"179";"";"";""
"1401";"Kit Dispenser Linha Ag+ Cai Cai - Biovis";"163";"Dispenser Plástico";"1";"";"";"";""
"1405";"Kit de Dispenser Plástico Linha Ag+ Biovis Rolăo";"1";"Dispenser";"17";"51";"57";"59";""
"1409";"Rodo Propulsor 0,9 m - RL090 - Bralimpia";"175";"Linha Food Service - Restaurantes / Cozinhas";"";"";"";"";""
"1411";"Toalheiro Americano Júnior 3D p/ interf.  em Aço c/ Pintura Epoxi Branco - 2027E - Aurimar";"59";"Papel Toalha Interfolhado";"";"";"";"";""
"1413";"Toalheiro Americano Júnior 3D p/ interf. em Aço Inox - 2027I - Aurimar";"59";"Papel Toalha Interfolhado";"157";"";"";"";""
"1415";"Secador de Măos WJ - Biovis";"1";"Dispenser";"9";"163";"";"";""
"1445";"Refil de Fio Dental com 400m Machfloss";"141";"Variedades";"15";"141";"";"";""
"1451";"Cesto Rígido Lateral 15L para Carros Utilitários - FG335488BLA - Rubbermaid";"117";"Acessórios para Reposiçăo";"";"";"";"";""
"1495";"Bolsa em Tecido Compacta (114 Litros) - 113180 - Rubbermaid";"117";"Acessórios para Reposiçăo";"";"";"";"";""
"1503";"Carro Basculante 800 L. / 567 Kg - FG9T1500BLA - Rubbermaid";"27";"Carro Cuba";"";"";"";"";""
"1519";"Conjunto Coleta Seletiva 4 lixeiras 50 Litros com Suporte Metálico - Bralimpia";"63";"Lixeiras e Contentores";"65";"69";"169";"";""
"1523";"Dispenser para Sabonete Líquido 400ml Compacta Urban Premisse";"1";"Dispenser";"51";"163";"167";"";""
"1525";"Contentor de Lixo 1000 Litros SEM PEDAL";"63";"Lixeiras e Contentores";"69";"169";"171";"";""
"1527";"Contentor de Lixo 120 litros SEM PEDAL";"63";"Lixeiras e Contentores";"69";"169";"171";"";""
"1529";"Tampa Basc. p/ Cesto 14/23 Lts - Bralimpia";"155";"Tampas";"";"";"";"";""
"1531";"Tampa Basculante Frontal p/ Lixeira Retangular de 50 Lts  - TB50 - Bralimpia";"155";"Tampas";"65";"";"";"";""
"1533";"Armaçăo Plus - Suporte p/ Aplicador de Cera ou Mop Pó 40 cm - AL400 - Bralimpia";"25";"Acessórios/ Diversos";"";"";"";"";""
"1535";"Armaçăo Plus - Suporte p/  Mop Pó 60 cm - AL600 - Bralimpia";"25";"Acessórios/ Diversos";"";"";"";"";""
"1537";"Tampa Aro - AR24 - Bralimpia";"155";"Tampas";"";"";"";"";""
"1545";"Refil Maxiluva - Bralimpia";"35";"Mop Pó - Limpeza Seca";"";"";"";"";""
"1551";"Haste Euro p/ Mop Úmido Garra em Plástico Azul c/ Cabo de Aluminio Fosco 1,40cm - Bralimpia";"25";"Acessórios/ Diversos";"";"";"";"";""
"1553";"Cabo de Alumínio Liso Fosco sem Rosca 1,40m - Bralimpia ";"39";"Cabos";"";"";"";"";""
"1567";"Suporte LT Euro Azul - Suporte limpa tudo plástico p/ fibra - Bralimpia";"25";"Acessórios/ Diversos";"";"";"";"";""
"1569";"Suporte LT Rosca - Bralimpia";"25";"Acessórios/ Diversos";"";"";"";"";""
"1573";"Suporte para Fibra de Limpeza Ultra Pesada - Bralimpia";"25";"Acessórios/ Diversos";"";"";"";"";""
"1577";"Lâminas 4 cm p/ Raspador de Segurança -10 unidades - LR801 - Bralimpia";"25";"Acessórios/ Diversos";"";"";"";"";""
"1581";"Rodo Profissional Twister s/ cabo - RT450 - Bralimpia";"175";"Linha Food Service - Restaurantes / Cozinhas";"";"";"";"";""
"1583";"Refil Aplicador de Cera Finish 40 cm - Microfibra - RF400 - Bralimpia";"37";"Aplicador de Cera";"";"";"";"";""
"1585";"Armaçăo Profi - Suporte p/ Mop Pó - AP600 - Bralimpia";"25";"Acessórios/ Diversos";"";"";"";"";""
"1587";"Armaçăo Profi - Suporte p/ Mop Pó - AP1200 - Bralimpia";"25";"Acessórios/ Diversos";"";"";"";"";""
"1589";"Refil Mop Pó Profi Acrílico 60cm - Bralimpia";"35";"Mop Pó - Limpeza Seca";"";"";"";"";""
"1595";"Refil Profi - Mop Pó Acrílico 80cm - Bralimpia";"35";"Mop Pó - Limpeza Seca";"";"";"";"";""
"1597";"Refil Profi - Mop Pó Acrílico 100cm - Bralimpia";"35";"Mop Pó - Limpeza Seca";"";"";"";"";""
"1599";"Refil Profi - Mop Pó Acrílico 120cm - Bralimpia";"35";"Mop Pó - Limpeza Seca";"";"";"";"";""
"1601";"Raspador de Segurança 4 cm - Bralimpia";"25";"Acessórios/ Diversos";"";"";"";"";""
"1605";"Organizador de Acessórios com 6 Clips - Bralimpia";"25";"Acessórios/ Diversos";"";"";"";"";""
"1607";"Limpador de Vidros - Bralimpia";"41";"Limpa Vidros";"";"";"";"";""
"1611";"Tampa Meia Lua para Cesto 14/23 Litros - Bralimpia";"155";"Tampas";"";"";"";"";""
"1623";"Porta Luvas Plástico Branco - Biovis";"25";"Acessórios/ Diversos";"141";"";"";"";""
"1625";"Saboneteira 800ml Inox ESCOVADO - Linha Noble";"1";"Dispenser";"51";"157";"167";"179";""
"1627";"Saboneteira 700ml plástico automática com sensor";"1";"Dispenser";"51";"163";"167";"";""
"1629";"Saboneteira 500ml Inox POLIDO Biovis - Linha Visium";"1";"Dispenser";"51";"157";"167";"179";""
"1631";"Dispenser para Sabonete Líquido 400ml Cristal Infinity Midy Box - Fortcom";"51";"Sabonete Líquido";"";"";"";"";""
"1635";"Aplicador de Cera 40 cm (Kit Suporte e Luva) - Rubbermaid";"37";"Aplicador de Cera";"";"";"";"";""
"1637";"Kit Rodas para Assento Infantil Sturdy Chair® - FG7805L20000 - Rubbermaid";"117";"Acessórios para Reposiçăo";"153";"";"";"";""
"1639";"Refil Enxaguante Bucal 850ml - Machfloss";"77";"Produtos de Higiene e Limpeza";"15";"141";"";"";""
"1641";"Mop pó algodăo ponta dobrada 100cm";"17";"Equipamentos de Limpeza";"35";"";"";"";""
"1645";"Mop pó algodăo ponta dobrada 60cm";"17";"Equipamentos de Limpeza";"35";"";"";"";""
"1649";"Mop pó acrílico - ponta dobrada - 80cm - 111699 - ref. 1263 - Rubbermaid";"17";"Equipamentos de Limpeza";"35";"";"";"";""
"1651";"Mop pó acrílico - ponta dobrada - 60cm - 111697 - ref. 1262 - Rubbermaid";"17";"Equipamentos de Limpeza";"35";"";"";"";""
"1653";"Mop pó acrílico ponta dobrada 40cm";"17";"Equipamentos de Limpeza";"35";"";"";"";""
"1655";"Mop pó algodăo ponta cortada 60cm";"17";"Equipamentos de Limpeza";"35";"";"";"";""
"1659";"Mop Úmido Ponta Dobrada  Algodăo 340g - 111778 - ref. 1117 - Rubbermaid";"17";"Equipamentos de Limpeza";"173";"";"";"";""
"1661";"Mop Úmido Ponta Dobrada  Sintético 340g - Azul - 111752 - ref. 1111 - Rubbermaid";"17";"Equipamentos de Limpeza";"173";"";"";"";""
"1665";"Mop pó algodăo ponta cortada 40cm";"17";"Equipamentos de Limpeza";"35";"";"";"";""
"1667";"Mop Úmido Ponta Cortada Algodăo 340g - 111731 - ref. 1101 - Rubbermaid";"17";"Equipamentos de Limpeza";"173";"";"";"";""
"1671";"Mop Úmido Ponta Dobrada  Algodăo 340g - 111764 - ref. 1117 - Rubbermaid";"17";"Equipamentos de Limpeza";"173";"";"";"";""
"1675";"Suporte metálico para mop pó - 60cm - Rubbermaid";"25";"Acessórios/ Diversos";"";"";"";"";""
"1681";"Espátula Côncava para Altas Temperaturas 24,1cm - Rubbermaid";"175";"Linha Food Service - Restaurantes / Cozinhas";"";"";"";"";""
"1683";"Espátula lisa para Altas Temperaturas 24,1cm - FG1962000000 - Rubbermaid";"175";"Linha Food Service - Restaurantes / Cozinhas";"";"";"";"";""
"1685";"Espátula Côncava para Altas Temperaturas 34cm - FG196700RED - Rubbermaid";"175";"Linha Food Service - Restaurantes / Cozinhas";"";"";"";"";""
"1687";"Espátula lisa para Altas Temperaturas 34,3cm - FG1963000000 - Rubbermaid";"25";"Acessórios/ Diversos";"";"";"";"";""
"1689";"Espátula lisa Tradicional 34,3cm - FG1905000000 - Rubbermaid";"175";"Linha Food Service - Restaurantes / Cozinhas";"";"";"";"";""
"1691";"Concha utilitária Bouncer® 1,9L - Rubbermaid";"175";"Linha Food Service - Restaurantes / Cozinhas";"";"";"";"";""
"1693";"Suporte metálico para mop pó - 40cm - 111840 - ref. 1241 - Rubbermaid";"25";"Acessórios/ Diversos";"";"";"";"";""
"1695";"Concha utilitária Bouncer® 0,9L - FG288400CLR - Rubbermaid";"25";"Acessórios/ Diversos";"";"";"";"";""
"1697";"Cuba convencional GN 1/3 - 65mm - Rubbermaid";"175";"Linha Food Service - Restaurantes / Cozinhas";"";"";"";"";""
"1699";"Cuba convencional GN 1/3 - 100mm - FG117P00CLR - Rubbermaid";"175";"Linha Food Service - Restaurantes / Cozinhas";"";"";"";"";""
"1701";"Cuba convencional GN 1/4 - 65mm -  Rubbermaid";"175";"Linha Food Service - Restaurantes / Cozinhas";"";"";"";"";""
"1703";"Cuba convencional GN 1/6 - 65mm - FG104P00CLR - Rubbermaid";"175";"Linha Food Service - Restaurantes / Cozinhas";"";"";"";"";""
"1707";"Tampa Convencional GN 1/2 Transparente - Rubbermaid";"175";"Linha Food Service - Restaurantes / Cozinhas";"";"";"";"";""
"1709";"Tampa Convencional GN 1/3 Talher Transparente - Rubbermaid";"175";"Linha Food Service - Restaurantes / Cozinhas";"";"";"";"";""
"1715";"Refil Enxaguante Bucal sem Álcool 850ml - Machfloss";"15";"Fio Dental e Enxaguante Bucal";"";"";"";"";""
"1717";"Saboneteira Reservatório Box 400ml - Clear Black Fortcom";"51";"Sabonete Líquido";"";"";"";"";""
"1719";"Saboneteira Reservatório 400ml - Box Cloud Fortcom";"51";"Sabonete Líquido";"";"";"";"";""
"1721";"Refil Maxilav p/ lavagem de parede - RM250 - Bralimpia";"17";"Equipamentos de Limpeza";"35";"";"";"";""
"1723";"Cabo de Alumínio Estriado com Rosca 1,40m  - Azul - Bralimpia";"39";"Cabos";"";"";"";"";""
"1725";"Lâminas p/ Raspadores 10cm Multiuso - 10 unidades - LR800A - Bralimpia";"25";"Acessórios/ Diversos";"";"";"";"";""
"1727";"Refil Profi - Mop Pó Acrílico 40cm - Bralimpia";"35";"Mop Pó - Limpeza Seca";"";"";"";"";""
"1729";"Organizador de Acessórios c/ 3 clips - OA03AZ - Bralimpia";"25";"Acessórios/ Diversos";"";"";"";"";""
"1731";"Refil do Lavador de Vidros Bralimpia - Luva do rodo limpa vidros removível";"17";"Equipamentos de Limpeza";"41";"";"";"";""
"1733";"Măo Mecânica Bralimpia - 75cm Azul - MM75AZ";"25";"Acessórios/ Diversos";"";"";"";"";""
"1735";"Mop pó acrílico ponta cortada 80cm";"17";"Equipamentos de Limpeza";"35";"";"";"";""
"1737";"Suporte Plástico para Mop Pó - 40cm - 111844 - ref. 1221 - Rubbermaid";"25";"Acessórios/ Diversos";"";"";"";"";""
"1741";"Mop pó algodăo ponta dobrada 40cm";"17";"Equipamentos de Limpeza";"35";"";"";"";""
"1743";"Mop pó algodăo ponta dobrada 80cm";"17";"Equipamentos de Limpeza";"35";"";"";"";""
"1745";"Mop Pó Acrílico Ponta Cortada 100cm";"17";"Equipamentos de Limpeza";"35";"";"";"";""
"1747";"Mop pó acrílico ponta cortada 40cm";"17";"Equipamentos de Limpeza";"35";"";"";"";""
"1749";"Carro Strong Sem Fechamento 5 Bandejas - Bralimpia CE5000";"17";"Equipamentos de Limpeza";"29";"31";"";"";""
"1753";"Cabo de Alumínio Fosco com Ponteira 1,40m - Bralimpia";"39";"Cabos";"";"";"";"";""
"1755";"Kit Profissional para Limpeza de Vidros - Bralimpia";"41";"Limpa Vidros";"";"";"";"";""
"1757";"Dispenser De Papel Higięnico com suporte para cadeado 400m Em Aço com Pintura Epóxi - Aurimar";"57";"Papel Higięnico Rolăo";"1";"";"";"";""
"1759";"Toalheiro Papel Toalha Bobina Aço Inox ESCOVADO - Linha Noble";"1";"Dispenser";"61";"157";"179";"";""
"1761";"Porta Papel Higięnico Cai Cai Aço Inox POLIDO- Linha Visium";"1";"Dispenser";"55";"157";"179";"";""
"1763";"Kit de Dispenser em aço inox - LINHA NOBLE - BIOVIS";"1";"Dispenser";"157";"179";"";"";""
"1765";"Embalador de Guarda Chuva em Inox - Clean";"1";"Dispenser";"157";"179";"";"";""
"1767";"Kit Dispensers Aço Inox - P/ Papel Hig. Rolăo (13.02) + Toalheiro (833) + Saboneteira (1011) - Biovis";"57";"Papel Higięnico Rolăo";"157";"";"";"";""
"1769";"Kit Dispensers de Aço Inox - P/ Papel Hig. Cai Cai (cód 832) + Toalheiro (cód 833)c+ Saboneteira (cód 1011) - Biovis";"1";"Dispenser";"157";"";"";"";""
"1771";"Suporte metálico para mop pó - 100cm - 111838 - ref. 1244 - Rubbermaid";"25";"Acessórios/ Diversos";"";"";"";"";""
"1773";"Detergente e Desincrustante Alcalino Clorado Concentrado Espuma Clor 5 Litros";"77";"Produtos de Higiene e Limpeza";"79";"";"";"";""
"1779";"Escova Aérea p/ Tubo - ET603 - Bralimpia";"117";"Acessórios para Reposiçăo";"";"";"";"";""
"1781";"Adaptador Angular 90ş - AA090 - Bralimpia";"117";"Acessórios para Reposiçăo";"";"";"";"";""
"1783";"Raspador multiuso Pesado com Cabo Plástico de 10 cm - Bralimpia";"25";"Acessórios/ Diversos";"";"";"";"";""
"1785";"Rodas / Rodízio Giratório p/ Balde Espremedor/ Carro Funcional Pacote c/4 Unidades - Bralimpia RD3PRO";"117";"Acessórios para Reposiçăo";"153";"";"";"";""
"1789";"Conjunto 3 Lixeiras Coleta Seletiva + Base + Tampa - Bralimpia";"65";"Coleta Seletiva";"";"";"";"";""
"1793";"Concha Bouncer® 0,9L - Rubbermaid";"175";"Linha Food Service - Restaurantes / Cozinhas";"";"";"";"";""
"1805";"Refil Mop Úmido p/ Perfect Mop Pró (s/cabo/sup) BR";"17";"Equipamentos de Limpeza";"23";"23";"";"";""
"1809";"Balde Espremedor 2 Águas 33L - BE33PF - Perfect";"19";"Baldes";"";"";"";"";""
"1811";"Lixeira em Aço Inox 10,5L com Pedal e Recipiente Interno -  Viel";"67";"Com Pedal";"";"";"";"";""
"1813";"Coleta Seletiva Papeleira DINA - conjunto com 4 lixeiras + suporte ";"63";"Lixeiras e Contentores";"65";"69";"169";"";""
"1815";"Cesto Aço Inox Porta Guarda Chuva - 25 Litros Metalsuga";"63";"Lixeiras e Contentores";"159";"";"";"";""
"1819";"Lixeira 50 litros + suporte para coleta seletiva DINA";"63";"Lixeiras e Contentores";"65";"69";"169";"";""
"1821";"Kit Profissional Carrinho de Limpeza Completo - Bralimpia NYKT03 KIT 3";"17";"Equipamentos de Limpeza";"19";"";"";"";""
"1823";"Lixeira inox quadrada para Copos Descartáveis";"63";"Lixeiras e Contentores";"69";"73";"159";"";""
"1825";"Lixeira inox redonda para Copos Descartáveis Inox";"63";"Lixeiras e Contentores";"69";"73";"159";"";""
"1827";"Lixeira red TA já copiado - INATIVO";"63";"Lixeiras e Contentores";"65";"69";"159";"";""
"1835";"Porta Copos de Café Descartáveis em Acrílico - Metalsuga";"73";"Lixeira para Copos";"";"";"";"";""
"1839";"Lixeira para copos de café e água descartáveis Preta - MetalSuga";"73";"Lixeira para Copos";"";"";"";"";""
"1845";"Dispenser para Copos DE CAFÉ Descartáveis 50ml em Inox";"1";"Dispenser";"11";"157";"";"";""
"1847";"Dispenser para Copos DE ÁGUA Descartáveis em Aço Inox";"1";"Dispenser";"11";"157";"";"";""
"1849";"Dispenser para copos descartáveis em acrílico - Café - MSP026 - MetalSuga";"73";"Lixeira para Copos";"";"";"";"";""
"1851";"Dispenser para Copos Descartáveis em Acrílico - Água - MetalSuga";"73";"Lixeira para Copos";"";"";"";"";""
"1853";"Tampa Flip Top Basculante inox 24cm";"63";"Lixeiras e Contentores";"155";"159";"";"";""
"1855";"Tampa Flip Top Basculante inox 30cm ";"63";"Lixeiras e Contentores";"155";"159";"";"";""
"1857";"Tampa Aro Inox 24cm - MSP363";"63";"Lixeiras e Contentores";"155";"159";"";"";""
"1859";"Lixeira Aço Inox 15 Litros - MetalSuga";"159";"Lixeiras Inox";"69";"";"";"";""
"1863";"Lixeira Inox 25 litros 24Dx50A Metalsuga Aldinox MSP382";"63";"Lixeiras e Contentores";"69";"159";"";"";""
"1865";"Cesto Porta Guarda Chuva Inox Metal - 25 Litros MSP741";"63";"Lixeiras e Contentores";"69";"159";"";"";""
"1867";"Lixeira Inox Redonda com Pedal 30 Litros MSP376";"63";"Lixeiras e Contentores";"67";"159";"";"";""
"1869";"Lixeira Inox 50L com Fundo de Plástico - MetalSuga";"69";"Sem Pedal";"";"";"";"";""
"1871";"Guia Removível Bralimpia - GRXXX";"25";"Acessórios/ Diversos";"";"";"";"";""
"1875";"Concha Bouncer® 1,9L  Colher medidora - Rubbermaid";"175";"Linha Food Service - Restaurantes / Cozinhas";"";"";"";"";""
"1877";"Conjunto Coleta Seletiva 4 Lixeiras 50 Lts e Base com Rodas - Bralimpia";"63";"Lixeiras e Contentores";"65";"69";"169";"";""
"1879";"Refil Mopinho - Mop Algodăo com Encaixe de Rosca  - Bralimpia";"35";"Mop Pó - Limpeza Seca";"";"";"";"";""
"1885";"Tampa Aro Inox 30cm - MSP366";"63";"Lixeiras e Contentores";"155";"159";"";"";""
"1891";"Lixeira para copos de café descartáveis Preta - MetalSuga";"73";"Lixeira para Copos";"";"";"";"";""
"1893";"Porta Copos de Parede Inox Cristal - Água - MetalSuga";"73";"Lixeira para Copos";"";"";"";"";""
"1897";"Porta Copos para Balcăo Duplo Água/Café - Metalsuga";"73";"Lixeira para Copos";"";"";"";"";""
"1899";"Lixeira Cinzeiro Inox Aro Inox 25lts MSP555";"63";"Lixeiras e Contentores";"69";"71";"159";"";""
"1913";"Lixeira com Pedal 87lts - Rubbermaid FG614600";"63";"Lixeiras e Contentores";"";"";"";"";""
"1929";"Recipiente Brute com Canais de Ventilaçăo 121 Lts - FG263200V - Rubbermaid-Cinza";"19";"Baldes";"";"";"";"";""
"1931";"Refil Mop Líquido linha Microfibra Acqua Amarelo - Bralimpia";"35";"Mop Pó - Limpeza Seca";"";"";"";"";""
"1933";"Refil Mop Líquido linha Microfibra Acqua Azul - Bralimpia";"35";"Mop Pó - Limpeza Seca";"";"";"";"";""
"1935";"Rodo Combinado Limpa Vidros 25cm com Cabo 60cm - Bralimpia";"17";"Equipamentos de Limpeza";"41";"";"";"";""
"1937";"Refil Mop Líquido linha Microfibra Acqua Vermelho - Bralimpia";"35";"Mop Pó - Limpeza Seca";"";"";"";"";""
"1941";"Mop Úmido Microfibra Azul - 47cm FGQ41000BL00 Rubbermaid";"17";"Equipamentos de Limpeza";"173";"";"";"";""
"1945";"Vassoura Mágica 360ş - Perfect";"17";"Equipamentos de Limpeza";"25";"35";"";"";""
"1949";"Raspador Multiuso Pesado com Cabo de 40 cm - Bralimpia";"25";"Acessórios/ Diversos";"";"";"";"";""
"1953";"Concha Medidora Bouncer® 0,5L - Colher medidora 500ml - Rubbermaid";"175";"Linha Food Service - Restaurantes / Cozinhas";"";"";"";"";""
"1957";"Raspador Pesado c/ Cabo de 1,40 m - Bralimpia";"25";"Acessórios/ Diversos";"";"";"";"";""
"1959";"Concha Medidora Bouncer® 1L  - Rubbermaid";"175";"Linha Food Service - Restaurantes / Cozinhas";"";"";"";"";""
"1963";"Tampa Vedaçăo Flexível GN 1/9 Branco - Rubbermaid";"175";"Linha Food Service - Restaurantes / Cozinhas";"";"";"";"";""
"1965";"Copo Medida Bouncer® 3,8L - Rubbermaid";"175";"Linha Food Service - Restaurantes / Cozinhas";"";"";"";"";""
"1969";"Copo Medida Bouncer® 0,9L - Rubbermaid";"25";"Acessórios/ Diversos";"";"";"";"";""
"1973";"Refil Mop Líquido linha Microfibra Acqua Branco - Bralimpia";"35";"Mop Pó - Limpeza Seca";"";"";"";"";""
"1975";"Refil Mop Líquido linha Microfibra Acqua Verde - Bralimpia";"35";"Mop Pó - Limpeza Seca";"";"";"";"";""
"1985";"Cuba convencional GN 1/4 - 100mm - Rubbermaid";"175";"Linha Food Service - Restaurantes / Cozinhas";"";"";"";"";""
"1987";"Cuba GN Altas Temperaturas 1/2 - 65mm AMBAR - Rubbermaid";"175";"Linha Food Service - Restaurantes / Cozinhas";"";"";"";"";""
"1993";"Carro Utilitário de Transporte Preto - Rubbermaid";"29";"Carro Prateleira";"";"";"";"";""
"1997";"Tampa Brute 166 Lts Domo - Rubbermaid";"155";"Tampas";"";"";"";"";""
"1999";"Refil para Aplicador de Cera 40cm - Rubbermaid";"17";"Equipamentos de Limpeza";"37";"";"";"";""
"2001";"Cuba convencional GN 1/4 - 150mm - Rubbermaid";"175";"Linha Food Service - Restaurantes / Cozinhas";"";"";"";"";""
"2003";"Alça para Base com Rodas com Rodas e Engate BRUTE®";"25";"Acessórios/ Diversos";"";"";"";"";""
"2005";"Tampa Convencional GN 1/4 Talher Transparente - Rubbermaid";"155";"Tampas";"";"";"";"";""
"2015";"Carro Funcional América Carrinho de Limpeza com Bolsa de Vinil Amarela - Bralimpia CF2005";"17";"Equipamentos de Limpeza";"31";"";"";"";""
"2017";"Contentor de lixo 120 litros com Pedal";"63";"Lixeiras e Contentores";"65";"67";"169";"171";""
"2019";"Contentor de Lixo 240 Litros com Pedal";"63";"Lixeiras e Contentores";"65";"67";"169";"171";""
"2025";"Detergente Multiuso NEUTRO Concentrado - 1000 Plus";"77";"Produtos de Higiene e Limpeza";"79";"";"";"";""
"2027";"Desinfetante Concentrado 5L Sanyx";"77";"Produtos de Higiene e Limpeza";"79";"";"";"";""
"2029";"Desinfetante Concentrado 5L - Sanyx";"77";"Produtos de Higiene e Limpeza";"79";"";"";"";""
"2031";"Dispenser de Água com Regulador de Saída - Fortcom";"11";"Dispenser Copos";"";"";"";"";""
"2033";"Dispenser para Copos de Café com Regulador de Saída - Fortcom";"11";"Dispenser Copos";"163";"";"";"";""
"2035";"Detergente e Desincrustante Alcalino Clorado Concentrado Espuma Clor 1L";"77";"Produtos de Higiene e Limpeza";"79";"";"";"";""
"2037";"Detergente Multiuso Concentrado 1L - 1000 Plus";"77";"Produtos de Higiene e Limpeza";"79";"";"";"";""
"2039";"Desinfetante Concentrado 1L - Sanyx Flores do Campo";"77";"Produtos de Higiene e Limpeza";"79";"";"";"";""
"2041";"Desinfetante Concentrado 1L - Sanyx";"77";"Produtos de Higiene e Limpeza";"79";"";"";"";""
"2043";"Secador de măos AG+ - Biovis";"1";"Dispenser";"9";"163";"";"";""
"2045";"Toalheiro Papel Toalha Bobina Alavanca - Linha Inova";"1";"Dispenser";"61";"163";"";"";""
"2047";"Porta Luvas Inox Escovado - Biovis";"25";"Acessórios/ Diversos";"141";"";"";"";""
"2049";"CocoLetor Du Căo";"175";"Linha Food Service - Restaurantes / Cozinhas";"";"";"";"";""
"2051";"Refil de Saquinhos para Cocoletor DuCăo PEQUENO 30 x 40 - Caixa com 6 bobinas - 500 saquinhos cada";"175";"Linha Food Service - Restaurantes / Cozinhas";"";"";"";"";""
"2055";"Tampa Bi Partida para Carro Cuba - Bralimpia";"27";"Carro Cuba";"";"";"";"";""
"2061";"Tapete Higienizador Sanitizante 60cm x 40cm - espuma com borda de vinil";"17";"Equipamentos de Limpeza";"17";"141";"";"";""
"2063";"Tapete Higienizador Sanitizante 70cm X 55cm - espuma com borda de vinil ";"17";"Equipamentos de Limpeza";"17";"141";"";"";""
"2065";"Tapete Higienizador Sanitizante 2 em 1= ESPUMA + SECAR - 70 cm x 50 cm";"17";"Equipamentos de Limpeza";"45";"141";"167";"";""
"2067";"Tapete Higienizador Sanitizante em VINIL - PEQUENO - com borda 60 cm X 40 cm";"17";"Equipamentos de Limpeza";"17";"141";"";"";""
"2069";"Tapete Higienizador Sanitizante em VINIL - GRANDE c/ borda DUPLA - 1,20 cm X 0,60 cm";"17";"Equipamentos de Limpeza";"141";"";"";"";""
"2081";"Conjunto Coleta Seletiva c/ 4 Lixeiras de 50 Litros + Base (Com rodas ou Sem rodas)";"63";"Lixeiras e Contentores";"63";"";"";"";""
"2085";"Lixeira retangular para coleta Seletiva 50 Litros com alça - Bralimpia";"63";"Lixeiras e Contentores";"65";"69";"169";"";""
"2087";"Dispenser Machfloss Evolution Para Fio Dental e Enxaguante Bucal";"1";"Dispenser";"163";"";"";"";""
"2093";"CONJUNTO 3 LIXEIRAS COLETA SELETIVA + BASE + TAMPA - BRALIMPIA";"63";"Lixeiras e Contentores";"";"";"";"";""
"2095";"Conjunto de 2 lixeiras para Coleta Seletiva com tampa e módulo";"63";"Lixeiras e Contentores";"65";"69";"169";"";""
"2103";"Lixeira Inox c/ Tampa Flip Top Basculante Inox - de 10L a 50L";"63";"Lixeiras e Contentores";"65";"69";"159";"";""
"2105";"Lixeira Inox sem tampa - de 10L a 50L ";"63";"Lixeiras e Contentores";"65";"69";"159";"";""
"2107";"Dispenser para Enxaguante Bucal - Machfloss Personal";"1";"Dispenser";"15";"163";"";"";""
"2111";"Desinfetante Concentrado 1/20 Sanitizante Galăo 5Lts Mirax Floral Bouquet Renko ";"77";"Produtos de Higiene e Limpeza";"79";"";"";"";""
"2113";"Spray Mop Elegance com reservatório - Nobre";"17";"Equipamentos de Limpeza";"49";"173";"";"";""
"2119";"BALDE PARA DESINFECÇĂO LOCK &amp; GO 9L (PRETO) - RUBBERMAID";"17";"Equipamentos de Limpeza";"19";"";"";"";""
"2121";"Tapete Higienizador Sanitizante em VINIL - MÉDIO - com borda 70 cm X 50 cm";"17";"Equipamentos de Limpeza";"17";"141";"";"";""
"2123";"Tapete Higienizador Sanitizante em VINIL - GRANDE - com borda 120 cm X 60 cm";"17";"Equipamentos de Limpeza";"17";"141";"";"";""
"2125";"Balde Plástico Perfect Mop Move 360 Inox Com 3 Refis";"17";"Equipamentos de Limpeza";"19";"";"";"";""
"2127";"Balde para Mop de Microfibra HYGEN 20L Amarelo Rubbermaid";"17";"Equipamentos de Limpeza";"19";"";"";"";""
"2129";"Kit Balde Espremedor Doblô Flex 20 Litros";"17";"Equipamentos de Limpeza";"19";"";"";"";""
"2131";"Lixeira Inox com pedal - de 15L a 100L";"63";"Lixeiras e Contentores";"67";"159";"179";"";""
"2133";"Lixeira Inox c/ Tampa Basculante - de 15L a 100L";"63";"Lixeiras e Contentores";"69";"159";"179";"";""
"2135";"Lixeira red TA inativo já copiado INATIVO";"63";"Lixeiras e Contentores";"69";"159";"";"";""
"2137";"Lixeira Inox Quadrada c/ Tampa Aro - de 15L a 100L";"63";"Lixeiras e Contentores";"65";"69";"159";"179";""
"2139";"Lixeira Inox Quadrada c/ Tampa Basculante - de 15L a 100L";"63";"Lixeiras e Contentores";"69";"159";"179";"";""
"2141";"Lixeira inox red s/ tampa INATIVO";"63";"Lixeiras e Contentores";"65";"69";"159";"";""
"2143";"Refil Enxaguante Bucal 850ml - caixa com 12 - Machfloss";"141";"Variedades";"15";"141";"";"";""
"2145";"Saboneteira 800ml para sabonete líquido - Linha Hígia";"1";"Dispenser";"51";"163";"167";"";""
"2147";"Toalheiro Papel Toalha Interfolhado - Linha Hígia";"1";"Dispenser";"59";"163";"";"";""
"2149";"Saboneteira 500ml Inox ESCOVADO Biovis - Linha Visium";"1";"Dispenser";"51";"157";"167";"179";""
"2151";"Refil de Saquinhos para Cocoletor DuCăo PEQUENO 15 x 30 - Caixa com 6 bobinas - 300 saquinhos cada";"175";"Linha Food Service - Restaurantes / Cozinhas";"";"";"";"";""
"2153";"Mop Pó Microfibra 45cm - BRANCO - FGQ41200BL00 Rubbermaid";"17";"Equipamentos de Limpeza";"35";"";"";"";""
"2155";"Mop Pó Microfibra 46cm - BRANCO - FGQ80500BL00 Rubbermaid";"17";"Equipamentos de Limpeza";"173";"";"";"";""
"2157";"Mop esfregăo Microfibra 50cm - AMARELO - FGQ81000YL00 Rubbermaid";"17";"Equipamentos de Limpeza";"173";"";"";"";""
"2159";"Mop ÚMIDO Microfibra 65cm COM ESFREGĂO - AZUL - FGQ42500BL00 Rubbermaid";"17";"Equipamentos de Limpeza";"173";"";"";"";""
"2161";"Sistema Profissional Spray Mop HYGEN® Rubbermaid";"17";"Equipamentos de Limpeza";"39";"";"";"";""
"2163";"Saboneteira 800ml Espuma - Linha Hígia";"1";"Dispenser";"53";"163";"";"";""
"2165";"Toalheiro Papel Toalha Interfolhado Aço Inox ESCOVADO - Linha Visium";"1";"Dispenser";"59";"157";"179";"";""
"2167";"Saboneteira 1000ml Inox ESCOVADO Biovis - Linha Visium";"1";"Dispenser";"51";"157";"167";"179";""
"2169";"Toalheiro Papel Toalha Interfolhado Aço Inox ESCOVADO - Linha Quadra";"1";"Dispenser";"59";"157";"179";"";""
"2171";"Porta Papel Higięnico Cai Cai Aço Inox ESCOVADO - Linha Quadra";"1";"Dispenser";"55";"157";"179";"";""
"2173";"Porta Papel Higięnico Cai Cai Aço Inox POLIDO - Linha Quadra";"1";"Dispenser";"55";"157";"179";"";""
"2175";"Toalheiro Papel Toalha Interfolhado Aço Inox POLIDO - Linha Quadra";"1";"Dispenser";"59";"157";"179";"";""
"2177";"Lixeira Inox c/ Tampa Aro - de 15L a 100L";"63";"Lixeiras e Contentores";"69";"159";"179";"";""
"2179";"Lixeira Inox sem tampa - de 15L a 100L";"63";"Lixeiras e Contentores";"69";"159";"179";"";""
"2181";"Lixeira Inox Quadrada c/ Pedal - de 15L a 120L";"63";"Lixeiras e Contentores";"67";"159";"179";"";""
"2183";"Cesto de inox - Porta Guarda-chuva";"63";"Lixeiras e Contentores";"69";"159";"179";"";""
"2185";"Kit de Dispenser em aço inox - LINHA QUADRA - BIOVIS";"1";"Dispenser";"157";"";"";"";""
"2187";"Kit de Dispenser em aço inox - LINHA NOBLE - saboneteira Slim - BIOVIS";"1";"Dispenser";"157";"179";"";"";""
"2189";"Cinzeiro bituqueira de inox - Binnox";"63";"Lixeiras e Contentores";"69";"71";"159";"179";""
"2191";"Lixeira Inox coleta seletiva - redonda com pedal";"63";"Lixeiras e Contentores";"67";"159";"179";"";""
"2193";"Embalador de Guarda Chuva em Inox BINNOX";"1";"Dispenser";"157";"179";"";"";""
"2195";"CÓPIA - Lixeira Inox coleta seletiva - redonda com tampa basculante";"63";"Lixeiras e Contentores";"67";"159";"179";"";""
"2197";"Saboneteira espuma 1000ml Inox ESCOVADO Biovis - Linha Visium";"1";"Dispenser";"53";"157";"179";"";""
"2199";"Saboneteira espuma 1000ml Inox POLIDO Biovis - Linha Visium";"1";"Dispenser";"53";"157";"179";"";""
"2201";"Porta Papel Higięnico Cai Cai - Linha Hígia";"1";"Dispenser";"55";"163";"";"";""
"2203";"Porta Papel Higięnico Rolăo - Linha Hígia";"1";"Dispenser";"57";"163";"";"";""
"2205";"Secador de Măos Adler";"9";"Secador de Măos";"157";"179";"";"";""
"2207";"Secador de măos AIRES";"9";"Secador de Măos";"163";"";"";"";""
"2209";"Secador De Măos Panther Sm5a Inox";"9";"Secador de Măos";"";"";"";"";""
